fecha,producto,categoria,unidades,precio_unitario,total,cliente_id,cliente_nuevo
2026-04-01,Mouse Inalambrico,Accesorios,2,58.34,116.68,Cliente-0105,True
2026-04-01,Laptop Ultra X1,Tecnologia,2,3201.71,6403.42,Cliente-0028,True
2026-04-01,Smartphone Galaxy Z,Tecnologia,3,2906.04,8718.12,Cliente-0315,True
2026-04-01,Auriculares Pro,Accesorios,1,86.16,86.16,Cliente-0219,True
2026-04-01,Teclado Mecanico RGB,Accesorios,2,118.37,236.74,Cliente-0072,False
2026-04-02,Mouse Inalambrico,Accesorios,3,62.91,188.73,Cliente-0239,True
2026-04-02,Teclado Mecanico RGB,Accesorios,1,122.98,122.98,Cliente-0059,True
2026-04-02,Teclado Mecanico RGB,Accesorios,2,114.68,229.36,Cliente-0521,True
2026-04-03,Teclado Mecanico RGB,Accesorios,3,120.93,362.79,Cliente-0072,True
2026-04-03,Disco SSD 1TB,Accesorios,1,151.43,151.43,Cliente-0241,True
2026-04-04,Auriculares Pro,Accesorios,3,90.93,272.79,Cliente-0045,True
2026-04-04,Monitor 27 4K,Tecnologia,1,885.43,885.43,Cliente-0568,True
2026-04-04,Laptop Ultra X1,Tecnologia,1,3350.08,3350.08,Cliente-0243,True
2026-04-04,Auriculares Pro,Accesorios,2,87.79,175.58,Cliente-0447,True
2026-04-05,Mouse Inalambrico,Accesorios,1,62.36,62.36,Cliente-0110,True
2026-04-06,Auriculares Pro,Accesorios,2,91.53,183.06,Cliente-0074,True
2026-04-06,Auriculares Pro,Accesorios,3,94.25,282.75,Cliente-0183,True
2026-04-06,Auriculares Pro,Accesorios,4,87.42,349.68,Cliente-0411,True
2026-04-06,Teclado Mecanico RGB,Accesorios,3,114.46,343.38,Cliente-0445,True
2026-04-07,Camara Web HD,Accesorios,3,67.99,203.97,Cliente-0512,True
2026-04-07,Mouse Inalambrico,Accesorios,4,59.97,239.88,Cliente-0250,True
2026-04-08,Disco SSD 1TB,Accesorios,3,148.52,445.56,Cliente-0068,True
2026-04-08,Mouse Inalambrico,Accesorios,3,61.48,184.44,Cliente-0439,True
2026-04-08,Laptop Ultra X1,Tecnologia,1,3067.41,3067.41,Cliente-0498,True
2026-04-08,Teclado Mecanico RGB,Accesorios,1,114.85,114.85,Cliente-0061,True
2026-04-08,Laptop Ultra X1,Tecnologia,1,3315.08,3315.08,Cliente-0073,True
2026-04-08,Silla Ergonomica,Oficina,1,547.55,547.55,Cliente-0590,True
2026-04-09,Smartphone Galaxy Z,Tecnologia,3,2688.62,8065.86,Cliente-0390,True
2026-04-09,Silla Ergonomica,Oficina,2,560.15,1120.3,Cliente-0058,True
2026-04-09,Camara Web HD,Accesorios,4,68.5,274.0,Cliente-0570,True
2026-04-09,Smartphone Galaxy Z,Tecnologia,1,2867.88,2867.88,Cliente-0160,True
2026-04-09,Tablet 10 pulgadas,Tecnologia,2,715.23,1430.46,Cliente-0209,True
2026-04-10,Camara Web HD,Accesorios,1,73.07,73.07,Cliente-0138,True
2026-04-11,Camara Web HD,Accesorios,1,72.64,72.64,Cliente-0268,True
2026-04-12,Auriculares Pro,Accesorios,4,93.27,373.08,Cliente-0056,True
2026-04-12,Tablet 10 pulgadas,Tecnologia,4,723.36,2893.44,Cliente-0310,True
2026-04-12,Router WiFi 6,Tecnologia,2,243.07,486.14,Cliente-0198,True
2026-04-12,Mouse Inalambrico,Accesorios,4,61.08,244.32,Cliente-0550,False
2026-04-12,Mouse Inalambrico,Accesorios,3,59.62,178.86,Cliente-0524,True
2026-04-13,Camara Web HD,Accesorios,4,67.5,270.0,Cliente-0143,True
2026-04-13,Teclado Mecanico RGB,Accesorios,4,120.35,481.4,Cliente-0567,True
2026-04-13,Smartphone Galaxy Z,Tecnologia,2,2822.1,5644.2,Cliente-0041,True
2026-04-13,Disco SSD 1TB,Accesorios,4,145.84,583.36,Cliente-0472,True
2026-04-13,Router WiFi 6,Tecnologia,1,261.67,261.67,Cliente-0286,True
2026-04-13,Mouse Inalambrico,Accesorios,2,58.15,116.3,Cliente-0389,False
2026-04-13,Teclado Mecanico RGB,Accesorios,1,117.65,117.65,Cliente-0216,True
2026-04-14,Smartphone Galaxy Z,Tecnologia,3,2762.1,8286.3,Cliente-0041,False
2026-04-14,Disco SSD 1TB,Accesorios,3,149.47,448.41,Cliente-0453,True
2026-04-15,Smartphone Galaxy Z,Tecnologia,2,2737.99,5475.98,Cliente-0256,True
2026-04-15,Laptop Ultra X1,Tecnologia,2,3333.59,6667.18,Cliente-0125,True
2026-04-15,Smartphone Galaxy Z,Tecnologia,4,2846.92,11387.68,Cliente-0573,True
2026-04-17,Auriculares Pro,Accesorios,1,93.25,93.25,Cliente-0157,True
2026-04-17,Camara Web HD,Accesorios,3,72.39,217.17,Cliente-0520,True
2026-04-17,Monitor 27 4K,Tecnologia,4,874.28,3497.12,Cliente-0136,True
2026-04-17,Monitor 27 4K,Tecnologia,3,934.28,2802.84,Cliente-0251,True
2026-04-18,Smartphone Galaxy Z,Tecnologia,4,2721.72,10886.88,Cliente-0285,True
2026-04-18,Smartphone Galaxy Z,Tecnologia,4,2930.02,11720.08,Cliente-0553,False
2026-04-18,Laptop Ultra X1,Tecnologia,3,3226.4,9679.2,Cliente-0152,True
2026-04-20,Mouse Inalambrico,Accesorios,2,57.98,115.96,Cliente-0389,True
2026-04-20,Smartphone Galaxy Z,Tecnologia,3,2873.5,8620.5,Cliente-0553,True
2026-04-20,Laptop Ultra X1,Tecnologia,3,3339.11,10017.33,Cliente-0210,True
2026-04-20,Silla Ergonomica,Oficina,1,559.23,559.23,Cliente-0568,False
2026-04-21,Smartphone Galaxy Z,Tecnologia,4,2826.99,11307.96,Cliente-0395,True
2026-04-21,Silla Ergonomica,Oficina,2,563.27,1126.54,Cliente-0565,True
2026-04-22,Mouse Inalambrico,Accesorios,1,60.54,60.54,Cliente-0033,True
2026-04-22,Mouse Inalambrico,Accesorios,4,62.4,249.6,Cliente-0463,True
2026-04-22,Mouse Inalambrico,Accesorios,1,57.36,57.36,Cliente-0348,True
2026-04-22,Mouse Inalambrico,Accesorios,2,58.14,116.28,Cliente-0223,True
2026-04-22,Mouse Inalambrico,Accesorios,2,58.59,117.18,Cliente-0135,True
2026-04-22,Mouse Inalambrico,Accesorios,4,58.9,235.6,Cliente-0075,True
2026-04-22,Mouse Inalambrico,Accesorios,3,60.03,180.09,Cliente-0258,True
2026-04-22,Camara Web HD,Accesorios,3,71.14,213.42,Cliente-0128,True
2026-04-22,Mouse Inalambrico,Accesorios,2,60.69,121.38,Cliente-0309,True
2026-04-22,Monitor 27 4K,Tecnologia,4,926.44,3705.76,Cliente-0174,True
2026-04-22,Laptop Ultra X1,Tecnologia,3,3069.88,9209.64,Cliente-0241,False
2026-04-22,Router WiFi 6,Tecnologia,2,241.18,482.36,Cliente-0048,True
2026-04-23,Auriculares Pro,Accesorios,1,86.51,86.51,Cliente-0153,True
2026-04-24,Auriculares Pro,Accesorios,1,94.26,94.26,Cliente-0388,True
2026-04-24,Camara Web HD,Accesorios,4,68.2,272.8,Cliente-0485,True
2026-04-24,Camara Web HD,Accesorios,3,71.17,213.51,Cliente-0335,True
2026-04-25,Monitor 27 4K,Tecnologia,3,865.04,2595.12,Cliente-0446,True
2026-04-25,Camara Web HD,Accesorios,1,70.69,70.69,Cliente-0501,True
2026-04-25,Mouse Inalambrico,Accesorios,2,61.28,122.56,Cliente-0409,True
2026-04-25,Teclado Mecanico RGB,Accesorios,4,125.69,502.76,Cliente-0159,True
2026-04-25,Auriculares Pro,Accesorios,2,92.74,185.48,Cliente-0531,True
2026-04-26,Disco SSD 1TB,Accesorios,2,152.97,305.94,Cliente-0349,True
2026-04-26,Auriculares Pro,Accesorios,1,86.37,86.37,Cliente-0442,True
2026-04-26,Disco SSD 1TB,Accesorios,2,145.37,290.74,Cliente-0550,False
2026-04-26,Camara Web HD,Accesorios,2,68.37,136.74,Cliente-0111,True
2026-04-27,Laptop Ultra X1,Tecnologia,2,3081.09,6162.18,Cliente-0487,True
2026-04-27,Tablet 10 pulgadas,Tecnologia,1,688.35,688.35,Cliente-0134,True
2026-04-28,Smartphone Galaxy Z,Tecnologia,3,2786.95,8360.85,Cliente-0374,True
2026-04-28,Camara Web HD,Accesorios,1,71.27,71.27,Cliente-0550,True
2026-04-28,Camara Web HD,Accesorios,4,72.16,288.64,Cliente-0564,True
2026-04-29,Teclado Mecanico RGB,Accesorios,3,116.63,349.89,Cliente-0142,True
2026-04-29,Laptop Ultra X1,Tecnologia,4,3040.69,12162.76,Cliente-0400,True
2026-04-29,Camara Web HD,Accesorios,1,67.15,67.15,Cliente-0434,True
2026-04-29,Auriculares Pro,Accesorios,2,91.5,183.0,Cliente-0363,True
2026-04-29,Auriculares Pro,Accesorios,2,92.13,184.26,Cliente-0341,True
2026-04-30,Camara Web HD,Accesorios,2,73.33,146.66,Cliente-0182,True
2026-05-01,Camara Web HD,Accesorios,1,67.09,67.09,Cliente-0439,False
2026-05-01,Mouse Inalambrico,Accesorios,4,62.23,248.92,Cliente-0159,False
2026-05-01,Silla Ergonomica,Oficina,4,537.6,2150.4,Cliente-0580,False
2026-05-02,Smartphone Galaxy Z,Tecnologia,3,2826.61,8479.83,Cliente-0583,True
2026-05-03,Teclado Mecanico RGB,Accesorios,2,115.22,230.44,Cliente-0309,False
2026-05-03,Auriculares Pro,Accesorios,3,88.55,265.65,Cliente-0408,True
2026-05-03,Auriculares Pro,Accesorios,3,94.39,283.17,Cliente-0307,False
2026-05-04,Auriculares Pro,Accesorios,3,91.22,273.66,Cliente-0471,True
2026-05-05,Disco SSD 1TB,Accesorios,2,143.25,286.5,Cliente-0389,False
2026-05-05,Tablet 10 pulgadas,Tecnologia,1,703.74,703.74,Cliente-0130,True
2026-05-05,Monitor 27 4K,Tecnologia,3,896.36,2689.08,Cliente-0010,True
2026-05-06,Monitor 27 4K,Tecnologia,1,869.09,869.09,Cliente-0419,True
2026-05-07,Disco SSD 1TB,Accesorios,2,146.08,292.16,Cliente-0485,False
2026-05-07,Monitor 27 4K,Tecnologia,2,938.49,1876.98,Cliente-0449,True
2026-05-07,Silla Ergonomica,Oficina,4,528.37,2113.48,Cliente-0391,True
2026-05-08,Mouse Inalambrico,Accesorios,1,61.53,61.53,Cliente-0254,True
2026-05-08,Mouse Inalambrico,Accesorios,4,59.02,236.08,Cliente-0507,True
2026-05-08,Mouse Inalambrico,Accesorios,3,61.96,185.88,Cliente-0074,False
2026-05-08,Silla Ergonomica,Oficina,1,547.88,547.88,Cliente-0121,True
2026-05-08,Auriculares Pro,Accesorios,2,88.95,177.9,Cliente-0521,False
2026-05-09,Mouse Inalambrico,Accesorios,4,58.51,234.04,Cliente-0084,True
2026-05-09,Router WiFi 6,Tecnologia,2,240.52,481.04,Cliente-0198,False
2026-05-09,Mouse Inalambrico,Accesorios,3,62.88,188.64,Cliente-0199,True
2026-05-09,Router WiFi 6,Tecnologia,4,259.12,1036.48,Cliente-0002,True
2026-05-10,Monitor 27 4K,Tecnologia,2,882.2,1764.4,Cliente-0547,False
2026-05-10,Teclado Mecanico RGB,Accesorios,1,121.32,121.32,Cliente-0102,True
2026-05-10,Mouse Inalambrico,Accesorios,4,57.43,229.72,Cliente-0240,True
2026-05-11,Camara Web HD,Accesorios,1,67.47,67.47,Cliente-0237,True
2026-05-11,Teclado Mecanico RGB,Accesorios,4,114.75,459.0,Cliente-0431,True
2026-05-11,Monitor 27 4K,Tecnologia,3,885.38,2656.14,Cliente-0389,False
2026-05-11,Disco SSD 1TB,Accesorios,1,146.68,146.68,Cliente-0462,True
2026-05-11,Tablet 10 pulgadas,Tecnologia,3,703.91,2111.73,Cliente-0530,True
2026-05-11,Smartphone Galaxy Z,Tecnologia,2,2713.63,5427.26,Cliente-0496,True
2026-05-11,Auriculares Pro,Accesorios,4,88.09,352.36,Cliente-0411,False
2026-05-11,Camara Web HD,Accesorios,3,72.24,216.72,Cliente-0290,True
2026-05-12,Auriculares Pro,Accesorios,3,88.67,266.01,Cliente-0465,True
2026-05-12,Auriculares Pro,Accesorios,3,91.53,274.59,Cliente-0165,True
2026-05-12,Auriculares Pro,Accesorios,2,87.7,175.4,Cliente-0422,True
2026-05-13,Mouse Inalambrico,Accesorios,2,57.39,114.78,Cliente-0418,True
2026-05-13,Camara Web HD,Accesorios,1,72.5,72.5,Cliente-0590,False
2026-05-13,Auriculares Pro,Accesorios,3,88.19,264.57,Cliente-0400,False
2026-05-13,Auriculares Pro,Accesorios,1,86.87,86.87,Cliente-0577,True
2026-05-13,Auriculares Pro,Accesorios,3,93.33,279.99,Cliente-0245,True
2026-05-13,Impresora LaserJet,Oficina,4,414.9,1659.6,Cliente-0037,True
2026-05-14,Disco SSD 1TB,Accesorios,4,155.96,623.84,Cliente-0487,False
2026-05-14,Auriculares Pro,Accesorios,4,88.53,354.12,Cliente-0415,True
2026-05-14,Silla Ergonomica,Oficina,1,546.9,546.9,Cliente-0307,True
2026-05-15,Monitor 27 4K,Tecnologia,2,930.59,1861.18,Cliente-0284,True
2026-05-15,Laptop Ultra X1,Tecnologia,3,3115.04,9345.12,Cliente-0344,True
2026-05-15,Disco SSD 1TB,Accesorios,1,146.91,146.91,Cliente-0415,False
2026-05-15,Camara Web HD,Accesorios,3,72.52,217.56,Cliente-0440,True
2026-05-15,Mouse Inalambrico,Accesorios,4,58.75,235.0,Cliente-0238,True
2026-05-15,Laptop Ultra X1,Tecnologia,1,3324.62,3324.62,Cliente-0331,True
2026-05-16,Laptop Ultra X1,Tecnologia,1,3359.97,3359.97,Cliente-0359,True
2026-05-16,Teclado Mecanico RGB,Accesorios,4,124.99,499.96,Cliente-0186,True
2026-05-16,Impresora LaserJet,Oficina,2,400.09,800.18,Cliente-0340,True
2026-05-17,Mouse Inalambrico,Accesorios,1,62.1,62.1,Cliente-0502,True
2026-05-17,Auriculares Pro,Accesorios,4,91.13,364.52,Cliente-0053,True
2026-05-17,Mouse Inalambrico,Accesorios,4,62.01,248.04,Cliente-0484,True
2026-05-18,Mouse Inalambrico,Accesorios,4,60.88,243.52,Cliente-0503,True
2026-05-18,Auriculares Pro,Accesorios,3,90.47,271.41,Cliente-0557,True
2026-05-19,Tablet 10 pulgadas,Tecnologia,4,695.83,2783.32,Cliente-0189,True
2026-05-19,Impresora LaserJet,Oficina,3,403.05,1209.15,Cliente-0180,True
2026-05-19,Auriculares Pro,Accesorios,4,94.22,376.88,Cliente-0482,True
2026-05-19,Auriculares Pro,Accesorios,4,85.89,343.56,Cliente-0485,False
2026-05-19,Mouse Inalambrico,Accesorios,2,58.02,116.04,Cliente-0081,True
2026-05-19,Auriculares Pro,Accesorios,3,94.43,283.29,Cliente-0303,True
2026-05-20,Disco SSD 1TB,Accesorios,4,149.47,597.88,Cliente-0275,True
2026-05-20,Teclado Mecanico RGB,Accesorios,2,123.31,246.62,Cliente-0390,False
2026-05-20,Monitor 27 4K,Tecnologia,1,875.6,875.6,Cliente-0590,False
2026-05-20,Laptop Ultra X1,Tecnologia,3,3359.18,10077.54,Cliente-0093,True
2026-05-20,Disco SSD 1TB,Accesorios,2,149.97,299.94,Cliente-0598,True
2026-05-21,Disco SSD 1TB,Accesorios,4,144.04,576.16,Cliente-0013,True
2026-05-21,Disco SSD 1TB,Accesorios,4,156.49,625.96,Cliente-0299,True
2026-05-21,Laptop Ultra X1,Tecnologia,3,3312.75,9938.25,Cliente-0547,False
2026-05-21,Impresora LaserJet,Oficina,3,398.27,1194.81,Cliente-0310,False
2026-05-22,Smartphone Galaxy Z,Tecnologia,2,2790.21,5580.42,Cliente-0263,True
2026-05-22,Camara Web HD,Accesorios,4,69.28,277.12,Cliente-0204,True
2026-05-22,Disco SSD 1TB,Accesorios,4,148.7,594.8,Cliente-0193,True
2026-05-23,Smartphone Galaxy Z,Tecnologia,2,2865.46,5730.92,Cliente-0277,True
2026-05-23,Monitor 27 4K,Tecnologia,3,897.59,2692.77,Cliente-0544,True
2026-05-23,Auriculares Pro,Accesorios,3,90.0,270.0,Cliente-0506,True
2026-05-23,Smartphone Galaxy Z,Tecnologia,1,2814.63,2814.63,Cliente-0096,True
2026-05-23,Camara Web HD,Accesorios,4,69.2,276.8,Cliente-0156,True
2026-05-24,Smartphone Galaxy Z,Tecnologia,4,2917.47,11669.88,Cliente-0547,True
2026-05-24,Camara Web HD,Accesorios,1,68.43,68.43,Cliente-0425,True
2026-05-24,Tablet 10 pulgadas,Tecnologia,4,725.57,2902.28,Cliente-0458,True
2026-05-25,Disco SSD 1TB,Accesorios,4,151.9,607.6,Cliente-0282,True
2026-05-25,Auriculares Pro,Accesorios,1,92.5,92.5,Cliente-0168,True
2026-05-26,Teclado Mecanico RGB,Accesorios,2,119.86,239.72,Cliente-0280,True
2026-05-26,Laptop Ultra X1,Tecnologia,4,3251.69,13006.76,Cliente-0071,True
2026-05-27,Mouse Inalambrico,Accesorios,1,59.73,59.73,Cliente-0323,True
2026-05-28,Camara Web HD,Accesorios,4,70.27,281.08,Cliente-0560,True
2026-05-28,Mouse Inalambrico,Accesorios,1,61.78,61.78,Cliente-0580,True
2026-05-28,Router WiFi 6,Tecnologia,4,242.8,971.2,Cliente-0265,True
2026-05-28,Smartphone Galaxy Z,Tecnologia,4,2687.92,10751.68,Cliente-0468,True
2026-05-28,Mouse Inalambrico,Accesorios,1,62.46,62.46,Cliente-0509,True
2026-05-29,Mouse Inalambrico,Accesorios,1,57.17,57.17,Cliente-0246,True
2026-05-29,Laptop Ultra X1,Tecnologia,3,3294.77,9884.31,Cliente-0301,True
2026-05-29,Disco SSD 1TB,Accesorios,3,152.66,457.98,Cliente-0162,True
2026-05-30,Monitor 27 4K,Tecnologia,2,893.26,1786.52,Cliente-0558,True
2026-05-30,Tablet 10 pulgadas,Tecnologia,1,697.81,697.81,Cliente-0312,True
2026-05-31,Mouse Inalambrico,Accesorios,4,60.68,242.72,Cliente-0517,True
2026-05-31,Router WiFi 6,Tecnologia,1,260.72,260.72,Cliente-0590,False
2026-05-31,Smartphone Galaxy Z,Tecnologia,2,2861.62,5723.24,Cliente-0501,False
2026-05-31,Laptop Ultra X1,Tecnologia,4,3076.51,12306.04,Cliente-0067,True
2026-05-31,Router WiFi 6,Tecnologia,2,240.46,480.92,Cliente-0427,True
2026-05-31,Mouse Inalambrico,Accesorios,2,58.59,117.18,Cliente-0084,False
2026-06-01,Monitor 27 4K,Tecnologia,1,895.93,895.93,Cliente-0269,True
2026-06-01,Teclado Mecanico RGB,Accesorios,3,114.35,343.05,Cliente-0280,False
2026-06-01,Monitor 27 4K,Tecnologia,2,924.06,1848.12,Cliente-0262,True
2026-06-01,Impresora LaserJet,Oficina,2,412.05,824.1,Cliente-0472,False
2026-06-02,Teclado Mecanico RGB,Accesorios,2,115.08,230.16,Cliente-0303,False
2026-06-02,Mouse Inalambrico,Accesorios,2,59.66,119.32,Cliente-0242,True
2026-06-02,Auriculares Pro,Accesorios,2,94.21,188.42,Cliente-0466,True
2026-06-02,Silla Ergonomica,Oficina,4,545.95,2183.8,Cliente-0111,False
2026-06-02,Teclado Mecanico RGB,Accesorios,3,122.04,366.12,Cliente-0421,True
2026-06-02,Mouse Inalambrico,Accesorios,3,58.52,175.56,Cliente-0017,False
2026-06-02,Disco SSD 1TB,Accesorios,1,147.23,147.23,Cliente-0318,False
2026-06-03,Mouse Inalambrico,Accesorios,1,57.3,57.3,Cliente-0342,True
2026-06-03,Auriculares Pro,Accesorios,3,92.81,278.43,Cliente-0570,False
2026-06-03,Mouse Inalambrico,Accesorios,2,59.26,118.52,Cliente-0465,False
2026-06-03,Auriculares Pro,Accesorios,1,89.43,89.43,Cliente-0471,False
2026-06-03,Teclado Mecanico RGB,Accesorios,1,120.37,120.37,Cliente-0199,False
2026-06-03,Mouse Inalambrico,Accesorios,1,60.69,60.69,Cliente-0520,False
2026-06-03,Mouse Inalambrico,Accesorios,4,60.05,240.2,Cliente-0019,True
2026-06-03,Smartphone Galaxy Z,Tecnologia,4,2827.09,11308.36,Cliente-0017,False
2026-06-03,Impresora LaserJet,Oficina,1,395.62,395.62,Cliente-0482,False
2026-06-04,Mouse Inalambrico,Accesorios,4,59.69,238.76,Cliente-0371,True
2026-06-04,Auriculares Pro,Accesorios,1,88.05,88.05,Cliente-0499,True
2026-06-05,Mouse Inalambrico,Accesorios,2,62.16,124.32,Cliente-0407,True
2026-06-05,Auriculares Pro,Accesorios,3,91.53,274.59,Cliente-0554,True
2026-06-05,Teclado Mecanico RGB,Accesorios,2,115.32,230.64,Cliente-0027,True
2026-06-05,Laptop Ultra X1,Tecnologia,2,3228.43,6456.86,Cliente-0017,True
2026-06-05,Auriculares Pro,Accesorios,4,89.48,357.92,Cliente-0311,True
2026-06-06,Monitor 27 4K,Tecnologia,2,921.75,1843.5,Cliente-0539,True
2026-06-06,Smartphone Galaxy Z,Tecnologia,2,2800.07,5600.14,Cliente-0363,False
2026-06-06,Mouse Inalambrico,Accesorios,1,60.14,60.14,Cliente-0370,True
2026-06-07,Teclado Mecanico RGB,Accesorios,2,117.94,235.88,Cliente-0152,False
2026-06-07,Smartphone Galaxy Z,Tecnologia,4,2722.79,10891.16,Cliente-0111,False
2026-06-07,Monitor 27 4K,Tecnologia,2,868.95,1737.9,Cliente-0303,False
2026-06-08,Mouse Inalambrico,Accesorios,3,61.07,183.21,Cliente-0141,True
2026-06-08,Silla Ergonomica,Oficina,2,526.27,1052.54,Cliente-0568,False
2026-06-08,Auriculares Pro,Accesorios,4,90.22,360.88,Cliente-0406,True
2026-06-08,Smartphone Galaxy Z,Tecnologia,3,2715.24,8145.72,Cliente-0157,False
2026-06-08,Tablet 10 pulgadas,Tecnologia,1,681.69,681.69,Cliente-0469,True
2026-06-10,Silla Ergonomica,Oficina,1,527.85,527.85,Cliente-0551,True
2026-06-10,Auriculares Pro,Accesorios,4,86.39,345.56,Cliente-0118,True
2026-06-10,Teclado Mecanico RGB,Accesorios,3,115.24,345.72,Cliente-0520,False
2026-06-10,Router WiFi 6,Tecnologia,1,249.93,249.93,Cliente-0441,True
2026-06-10,Auriculares Pro,Accesorios,1,86.01,86.01,Cliente-0294,True
2026-06-10,Teclado Mecanico RGB,Accesorios,3,123.76,371.28,Cliente-0540,True
2026-06-10,Impresora LaserJet,Oficina,4,416.16,1664.64,Cliente-0199,False
2026-06-11,Mouse Inalambrico,Accesorios,2,58.2,116.4,Cliente-0553,False
2026-06-11,Teclado Mecanico RGB,Accesorios,1,115.51,115.51,Cliente-0600,True
2026-06-11,Auriculares Pro,Accesorios,3,88.87,266.61,Cliente-0157,False
2026-06-11,Smartphone Galaxy Z,Tecnologia,3,2862.05,8586.15,Cliente-0582,True
2026-06-11,Laptop Ultra X1,Tecnologia,2,3333.36,6666.72,Cliente-0318,True
2026-06-12,Camara Web HD,Accesorios,4,72.58,290.32,Cliente-0053,False
2026-06-12,Disco SSD 1TB,Accesorios,3,144.22,432.66,Cliente-0286,False
2026-06-12,Router WiFi 6,Tecnologia,2,246.04,492.08,Cliente-0498,False
2026-06-12,Mouse Inalambrico,Accesorios,4,59.77,239.08,Cliente-0289,True
2026-06-12,Monitor 27 4K,Tecnologia,3,938.77,2816.31,Cliente-0344,False
2026-06-12,Disco SSD 1TB,Accesorios,3,146.12,438.36,Cliente-0107,True
2026-06-13,Mouse Inalambrico,Accesorios,4,58.74,234.96,Cliente-0415,False
2026-06-13,Auriculares Pro,Accesorios,1,89.55,89.55,Cliente-0586,True
2026-06-13,Auriculares Pro,Accesorios,3,91.61,274.83,Cliente-0054,True
2026-06-14,Teclado Mecanico RGB,Accesorios,2,124.62,249.24,Cliente-0102,False
2026-06-14,Router WiFi 6,Tecnologia,4,247.47,989.88,Cliente-0098,True
2026-06-14,Laptop Ultra X1,Tecnologia,3,3115.45,9346.35,Cliente-0084,False
2026-06-14,Laptop Ultra X1,Tecnologia,3,3116.98,9350.94,Cliente-0427,False
2026-06-15,Mouse Inalambrico,Accesorios,4,61.09,244.36,Cliente-0579,True
2026-06-15,Smartphone Galaxy Z,Tecnologia,3,2935.07,8805.21,Cliente-0087,True
2026-06-15,Teclado Mecanico RGB,Accesorios,2,118.37,236.74,Cliente-0290,False
2026-06-15,Teclado Mecanico RGB,Accesorios,4,116.81,467.24,Cliente-0245,False
2026-06-15,Camara Web HD,Accesorios,2,72.32,144.64,Cliente-0094,True
2026-06-16,Laptop Ultra X1,Tecnologia,3,3332.88,9998.64,Cliente-0227,True
2026-06-16,Mouse Inalambrico,Accesorios,4,57.44,229.76,Cliente-0083,True
2026-06-17,Teclado Mecanico RGB,Accesorios,4,120.05,480.2,Cliente-0045,False
2026-06-17,Mouse Inalambrico,Accesorios,1,58.32,58.32,Cliente-0057,True
2026-06-17,Mouse Inalambrico,Accesorios,1,58.49,58.49,Cliente-0449,False
2026-06-17,Auriculares Pro,Accesorios,4,87.78,351.12,Cliente-0196,True
2026-06-18,Mouse Inalambrico,Accesorios,4,62.97,251.88,Cliente-0544,False
2026-06-18,Mouse Inalambrico,Accesorios,3,58.51,175.53,Cliente-0154,True
2026-06-18,Camara Web HD,Accesorios,4,67.28,269.12,Cliente-0296,True
2026-06-18,Router WiFi 6,Tecnologia,2,258.26,516.52,Cliente-0476,True
2026-06-19,Auriculares Pro,Accesorios,3,86.48,259.44,Cliente-0240,False
2026-06-19,Monitor 27 4K,Tecnologia,4,931.06,3724.24,Cliente-0571,True
2026-06-20,Laptop Ultra X1,Tecnologia,1,3089.79,3089.79,Cliente-0051,True
2026-06-20,Auriculares Pro,Accesorios,3,87.44,262.32,Cliente-0525,True
2026-06-20,Auriculares Pro,Accesorios,2,87.13,174.26,Cliente-0170,True
2026-06-21,Laptop Ultra X1,Tecnologia,1,3138.86,3138.86,Cliente-0452,True
2026-06-21,Laptop Ultra X1,Tecnologia,4,3331.0,13324.0,Cliente-0310,False
2026-06-21,Auriculares Pro,Accesorios,2,85.91,171.82,Cliente-0039,True
2026-06-21,Mouse Inalambrico,Accesorios,3,62.19,186.57,Cliente-0324,True
2026-06-21,Smartphone Galaxy Z,Tecnologia,4,2800.38,11201.52,Cliente-0064,True
2026-06-21,Mouse Inalambrico,Accesorios,4,57.77,231.08,Cliente-0087,False
2026-06-21,Teclado Mecanico RGB,Accesorios,2,122.62,245.24,Cliente-0299,False
2026-06-22,Camara Web HD,Accesorios,1,67.14,67.14,Cliente-0088,True
2026-06-22,Laptop Ultra X1,Tecnologia,4,3251.82,13007.28,Cliente-0498,False
2026-06-23,Mouse Inalambrico,Accesorios,3,59.11,177.33,Cliente-0186,False
2026-06-23,Disco SSD 1TB,Accesorios,4,149.23,596.92,Cliente-0006,True
2026-06-23,Auriculares Pro,Accesorios,2,92.8,185.6,Cliente-0065,True
2026-06-23,Disco SSD 1TB,Accesorios,4,143.05,572.2,Cliente-0207,True
2026-06-24,Disco SSD 1TB,Accesorios,1,149.52,149.52,Cliente-0078,True
2026-06-24,Disco SSD 1TB,Accesorios,3,149.37,448.11,Cliente-0032,True
2026-06-24,Auriculares Pro,Accesorios,4,88.78,355.12,Cliente-0244,True
2026-06-25,Mouse Inalambrico,Accesorios,1,58.06,58.06,Cliente-0506,False
2026-06-25,Auriculares Pro,Accesorios,4,94.2,376.8,Cliente-0205,True
2026-06-25,Teclado Mecanico RGB,Accesorios,3,115.6,346.8,Cliente-0361,False
2026-06-26,Camara Web HD,Accesorios,1,68.44,68.44,Cliente-0149,True
2026-06-26,Tablet 10 pulgadas,Tecnologia,1,689.64,689.64,Cliente-0076,True
2026-06-26,Mouse Inalambrico,Accesorios,3,57.4,172.2,Cliente-0097,True
2026-06-26,Teclado Mecanico RGB,Accesorios,3,114.63,343.89,Cliente-0493,True
2026-06-26,Smartphone Galaxy Z,Tecnologia,1,2740.33,2740.33,Cliente-0484,False
2026-06-27,Auriculares Pro,Accesorios,4,93.95,375.8,Cliente-0287,True
2026-06-27,Mouse Inalambrico,Accesorios,3,57.53,172.59,Cliente-0109,True
2026-06-28,Disco SSD 1TB,Accesorios,3,143.85,431.55,Cliente-0405,True
2026-06-28,Auriculares Pro,Accesorios,3,90.4,271.2,Cliente-0368,True
2026-06-28,Mouse Inalambrico,Accesorios,2,59.58,119.16,Cliente-0234,True
2026-06-28,Smartphone Galaxy Z,Tecnologia,4,2679.48,10717.92,Cliente-0032,False
2026-06-28,Router WiFi 6,Tecnologia,3,243.04,729.12,Cliente-0173,True
2026-06-28,Disco SSD 1TB,Accesorios,1,152.43,152.43,Cliente-0135,False
2026-06-28,Auriculares Pro,Accesorios,1,91.9,91.9,Cliente-0529,True
2026-06-28,Smartphone Galaxy Z,Tecnologia,1,2873.67,2873.67,Cliente-0280,False
2026-06-29,Tablet 10 pulgadas,Tecnologia,2,707.49,1414.98,Cliente-0361,True
2026-06-29,Silla Ergonomica,Oficina,3,568.18,1704.54,Cliente-0264,True
2026-06-29,Disco SSD 1TB,Accesorios,3,153.41,460.23,Cliente-0152,False
2026-06-29,Laptop Ultra X1,Tecnologia,3,3109.01,9327.03,Cliente-0154,False
2026-06-30,Disco SSD 1TB,Accesorios,4,157.01,628.04,Cliente-0303,False
2026-06-30,Laptop Ultra X1,Tecnologia,3,3224.24,9672.72,Cliente-0588,True
2026-06-30,Monitor 27 4K,Tecnologia,4,934.62,3738.48,Cliente-0028,False
2026-07-01,Impresora LaserJet,Oficina,2,396.28,792.56,Cliente-0488,True
2026-07-01,Mouse Inalambrico,Accesorios,3,60.41,181.23,Cliente-0198,False
2026-07-02,Teclado Mecanico RGB,Accesorios,4,125.39,501.56,Cliente-0381,True
2026-07-02,Teclado Mecanico RGB,Accesorios,1,116.29,116.29,Cliente-0452,False
2026-07-02,Tablet 10 pulgadas,Tecnologia,2,718.83,1437.66,Cliente-0431,False
2026-07-02,Disco SSD 1TB,Accesorios,4,151.72,606.88,Cliente-0017,False
2026-07-03,Auriculares Pro,Accesorios,2,90.41,180.82,Cliente-0329,True
2026-07-03,Mouse Inalambrico,Accesorios,4,59.18,236.72,Cliente-0164,True
2026-07-03,Disco SSD 1TB,Accesorios,3,152.52,457.56,Cliente-0067,False
2026-07-03,Router WiFi 6,Tecnologia,4,250.64,1002.56,Cliente-0420,True
2026-07-03,Laptop Ultra X1,Tecnologia,3,3248.36,9745.08,Cliente-0586,False
2026-07-04,Laptop Ultra X1,Tecnologia,3,3138.08,9414.24,Cliente-0437,True
2026-07-04,Monitor 27 4K,Tecnologia,2,867.68,1735.36,Cliente-0052,True
2026-07-04,Auriculares Pro,Accesorios,4,86.4,345.6,Cliente-0141,False
2026-07-04,Laptop Ultra X1,Tecnologia,2,3223.26,6446.52,Cliente-0154,False
2026-07-04,Smartphone Galaxy Z,Tecnologia,4,2808.08,11232.32,Cliente-0229,True
2026-07-05,Silla Ergonomica,Oficina,4,543.03,2172.12,Cliente-0348,False
2026-07-05,Router WiFi 6,Tecnologia,3,241.56,724.68,Cliente-0307,False
2026-07-05,Auriculares Pro,Accesorios,3,89.24,267.72,Cliente-0563,True
2026-07-06,Mouse Inalambrico,Accesorios,3,59.68,179.04,Cliente-0362,True
2026-07-06,Teclado Mecanico RGB,Accesorios,4,123.92,495.68,Cliente-0528,False
2026-07-06,Router WiFi 6,Tecnologia,4,240.41,961.64,Cliente-0211,True
2026-07-07,Teclado Mecanico RGB,Accesorios,1,114.61,114.61,Cliente-0507,False
2026-07-08,Disco SSD 1TB,Accesorios,3,147.93,443.79,Cliente-0581,True
2026-07-08,Laptop Ultra X1,Tecnologia,2,3244.14,6488.28,Cliente-0054,False
2026-07-08,Auriculares Pro,Accesorios,3,94.09,282.27,Cliente-0310,False
2026-07-08,Auriculares Pro,Accesorios,2,87.98,175.96,Cliente-0116,False
2026-07-08,Monitor 27 4K,Tecnologia,1,908.45,908.45,Cliente-0458,False
2026-07-09,Disco SSD 1TB,Accesorios,4,145.72,582.88,Cliente-0293,True
2026-07-09,Smartphone Galaxy Z,Tecnologia,3,2832.04,8496.12,Cliente-0096,False
2026-07-09,Camara Web HD,Accesorios,3,67.46,202.38,Cliente-0246,False
2026-07-10,Mouse Inalambrico,Accesorios,3,59.9,179.7,Cliente-0416,True
2026-07-10,Auriculares Pro,Accesorios,1,86.92,86.92,Cliente-0426,True
2026-07-10,Camara Web HD,Accesorios,4,68.24,272.96,Cliente-0164,False
2026-07-10,Laptop Ultra X1,Tecnologia,1,3150.84,3150.84,Cliente-0453,False
2026-07-10,Teclado Mecanico RGB,Accesorios,1,125.14,125.14,Cliente-0344,False
2026-07-10,Auriculares Pro,Accesorios,4,93.5,374.0,Cliente-0138,False
2026-07-11,Silla Ergonomica,Oficina,4,560.56,2242.24,Cliente-0377,False
2026-07-11,Mouse Inalambrico,Accesorios,2,62.76,125.52,Cliente-0027,False
2026-07-11,Camara Web HD,Accesorios,2,68.92,137.84,Cliente-0532,True
2026-07-11,Auriculares Pro,Accesorios,4,91.71,366.84,Cliente-0421,False
2026-07-11,Teclado Mecanico RGB,Accesorios,3,121.32,363.96,Cliente-0197,True
2026-07-11,Auriculares Pro,Accesorios,3,88.09,264.27,Cliente-0588,False
2026-07-11,Smartphone Galaxy Z,Tecnologia,4,2841.52,11366.08,Cliente-0191,False
2026-07-11,Laptop Ultra X1,Tecnologia,1,3099.13,3099.13,Cliente-0144,True
2026-07-12,Teclado Mecanico RGB,Accesorios,2,125.49,250.98,Cliente-0490,False
2026-07-12,Silla Ergonomica,Oficina,4,547.17,2188.68,Cliente-0387,True
2026-07-13,Auriculares Pro,Accesorios,1,85.85,85.85,Cliente-0342,False
2026-07-13,Mouse Inalambrico,Accesorios,3,61.14,183.42,Cliente-0303,False
2026-07-13,Laptop Ultra X1,Tecnologia,2,3249.13,6498.26,Cliente-0357,True
2026-07-13,Auriculares Pro,Accesorios,2,92.29,184.58,Cliente-0058,False
2026-07-14,Camara Web HD,Accesorios,4,72.76,291.04,Cliente-0396,True
2026-07-14,Teclado Mecanico RGB,Accesorios,1,119.98,119.98,Cliente-0559,True
2026-07-14,Teclado Mecanico RGB,Accesorios,1,121.16,121.16,Cliente-0272,True
2026-07-15,Mouse Inalambrico,Accesorios,2,60.18,120.36,Cliente-0408,False
2026-07-15,Auriculares Pro,Accesorios,3,86.66,259.98,Cliente-0565,False
2026-07-15,Mouse Inalambrico,Accesorios,3,61.95,185.85,Cliente-0122,True
2026-07-16,Auriculares Pro,Accesorios,3,90.96,272.88,Cliente-0321,True
2026-07-16,Silla Ergonomica,Oficina,4,549.93,2199.72,Cliente-0316,True
2026-07-16,Laptop Ultra X1,Tecnologia,4,3201.74,12806.96,Cliente-0247,True
2026-07-16,Disco SSD 1TB,Accesorios,3,147.47,442.41,Cliente-0113,True
2026-07-16,Smartphone Galaxy Z,Tecnologia,4,2701.38,10805.52,Cliente-0249,True
2026-07-16,Mouse Inalambrico,Accesorios,3,58.93,176.79,Cliente-0061,False
2026-07-16,Router WiFi 6,Tecnologia,2,237.67,475.34,Cliente-0393,True
2026-07-17,Mouse Inalambrico,Accesorios,2,58.03,116.06,Cliente-0346,True
2026-07-17,Disco SSD 1TB,Accesorios,4,155.59,622.36,Cliente-0064,False
2026-07-17,Auriculares Pro,Accesorios,2,89.64,179.28,Cliente-0546,True
2026-07-17,Auriculares Pro,Accesorios,3,86.2,258.6,Cliente-0578,True
2026-07-18,Teclado Mecanico RGB,Accesorios,3,124.22,372.66,Cliente-0179,True
2026-07-18,Smartphone Galaxy Z,Tecnologia,3,2680.59,8041.77,Cliente-0517,False
2026-07-18,Camara Web HD,Accesorios,2,67.89,135.78,Cliente-0522,True
2026-07-18,Silla Ergonomica,Oficina,1,576.74,576.74,Cliente-0484,False
2026-07-19,Auriculares Pro,Accesorios,2,91.01,182.02,Cliente-0089,True
2026-07-19,Router WiFi 6,Tecnologia,4,255.22,1020.88,Cliente-0307,False
2026-07-19,Mouse Inalambrico,Accesorios,1,58.57,58.57,Cliente-0369,True
2026-07-19,Laptop Ultra X1,Tecnologia,4,3255.29,13021.16,Cliente-0316,False
2026-07-19,Laptop Ultra X1,Tecnologia,4,3150.25,12601.0,Cliente-0066,True
2026-07-20,Silla Ergonomica,Oficina,3,557.67,1673.01,Cliente-0059,False
2026-07-20,Camara Web HD,Accesorios,4,68.5,274.0,Cliente-0009,True
2026-07-20,Mouse Inalambrico,Accesorios,1,58.47,58.47,Cliente-0046,True
2026-07-21,Teclado Mecanico RGB,Accesorios,2,119.19,238.38,Cliente-0057,False
2026-07-21,Monitor 27 4K,Tecnologia,4,874.26,3497.04,Cliente-0552,True
2026-07-22,Teclado Mecanico RGB,Accesorios,4,123.82,495.28,Cliente-0150,True
2026-07-22,Mouse Inalambrico,Accesorios,4,60.19,240.76,Cliente-0236,True
2026-07-23,Camara Web HD,Accesorios,4,67.9,271.6,Cliente-0139,True
2026-07-23,Smartphone Galaxy Z,Tecnologia,2,2817.05,5634.1,Cliente-0490,True
2026-07-23,Monitor 27 4K,Tecnologia,1,896.89,896.89,Cliente-0164,False
2026-07-23,Teclado Mecanico RGB,Accesorios,1,124.79,124.79,Cliente-0457,True
2026-07-24,Smartphone Galaxy Z,Tecnologia,4,2915.79,11663.16,Cliente-0121,False
2026-07-24,Laptop Ultra X1,Tecnologia,3,3301.27,9903.81,Cliente-0224,True
2026-07-25,Auriculares Pro,Accesorios,1,88.37,88.37,Cliente-0478,True
2026-07-25,Auriculares Pro,Accesorios,1,89.11,89.11,Cliente-0584,True
2026-07-25,Tablet 10 pulgadas,Tecnologia,2,713.32,1426.64,Cliente-0501,False
2026-07-26,Auriculares Pro,Accesorios,2,86.59,173.18,Cliente-0206,True
2026-07-26,Smartphone Galaxy Z,Tecnologia,4,2667.36,10669.44,Cliente-0568,False
2026-07-26,Auriculares Pro,Accesorios,4,86.84,347.36,Cliente-0528,True
2026-07-26,Laptop Ultra X1,Tecnologia,2,3204.24,6408.48,Cliente-0468,False
2026-07-27,Teclado Mecanico RGB,Accesorios,2,125.67,251.34,Cliente-0076,False
2026-07-27,Smartphone Galaxy Z,Tecnologia,2,2745.15,5490.3,Cliente-0166,True
2026-07-27,Camara Web HD,Accesorios,1,72.28,72.28,Cliente-0030,True
2026-07-27,Router WiFi 6,Tecnologia,3,242.25,726.75,Cliente-0164,False
2026-07-27,Laptop Ultra X1,Tecnologia,1,3353.12,3353.12,Cliente-0475,True
2026-07-28,Disco SSD 1TB,Accesorios,3,146.6,439.8,Cliente-0377,True
2026-07-28,Laptop Ultra X1,Tecnologia,2,3327.58,6655.16,Cliente-0456,True
2026-07-28,Mouse Inalambrico,Accesorios,3,62.85,188.55,Cliente-0134,False
2026-07-28,Smartphone Galaxy Z,Tecnologia,2,2907.09,5814.18,Cliente-0375,True
2026-07-28,Auriculares Pro,Accesorios,3,87.24,261.72,Cliente-0116,True
2026-07-29,Tablet 10 pulgadas,Tecnologia,1,682.54,682.54,Cliente-0565,False
2026-07-30,Disco SSD 1TB,Accesorios,3,154.52,463.56,Cliente-0435,True
2026-07-30,Disco SSD 1TB,Accesorios,2,150.53,301.06,Cliente-0039,False
2026-07-30,Camara Web HD,Accesorios,4,72.68,290.72,Cliente-0181,True
2026-07-30,Camara Web HD,Accesorios,4,72.02,288.08,Cliente-0191,True
2026-07-30,Mouse Inalambrico,Accesorios,3,62.26,186.78,Cliente-0010,False
2026-07-30,Auriculares Pro,Accesorios,2,92.36,184.72,Cliente-0084,False
2026-07-31,Laptop Ultra X1,Tecnologia,4,3051.14,12204.56,Cliente-0069,True
2026-07-31,Mouse Inalambrico,Accesorios,2,61.33,122.66,Cliente-0598,False
2026-07-31,Monitor 27 4K,Tecnologia,3,875.24,2625.72,Cliente-0305,True
2026-08-01,Monitor 27 4K,Tecnologia,4,888.59,3554.36,Cliente-0495,True
2026-08-01,Laptop Ultra X1,Tecnologia,3,3211.44,9634.32,Cliente-0294,False
2026-08-01,Auriculares Pro,Accesorios,4,92.76,371.04,Cliente-0184,True
2026-08-01,Impresora LaserJet,Oficina,2,410.09,820.18,Cliente-0408,False
2026-08-01,Mouse Inalambrico,Accesorios,4,59.94,239.76,Cliente-0365,True
2026-08-01,Impresora LaserJet,Oficina,4,417.72,1670.88,Cliente-0215,True
2026-08-02,Teclado Mecanico RGB,Accesorios,2,122.9,245.8,Cliente-0017,False
2026-08-02,Laptop Ultra X1,Tecnologia,2,3308.38,6616.76,Cliente-0349,False
2026-08-02,Disco SSD 1TB,Accesorios,1,142.84,142.84,Cliente-0352,False
2026-08-03,Teclado Mecanico RGB,Accesorios,2,114.62,229.24,Cliente-0387,False
2026-08-03,Auriculares Pro,Accesorios,4,90.47,361.88,Cliente-0058,False
2026-08-03,Monitor 27 4K,Tecnologia,4,919.05,3676.2,Cliente-0158,True
2026-08-03,Teclado Mecanico RGB,Accesorios,3,124.36,373.08,Cliente-0013,False
2026-08-04,Camara Web HD,Accesorios,2,68.19,136.38,Cliente-0540,False
2026-08-04,Disco SSD 1TB,Accesorios,2,147.72,295.44,Cliente-0352,True
2026-08-05,Disco SSD 1TB,Accesorios,2,143.52,287.04,Cliente-0155,True
2026-08-05,Laptop Ultra X1,Tecnologia,4,3183.63,12734.52,Cliente-0569,True
2026-08-06,Auriculares Pro,Accesorios,2,89.62,179.24,Cliente-0269,False
2026-08-06,Auriculares Pro,Accesorios,2,90.1,180.2,Cliente-0429,True
2026-08-07,Router WiFi 6,Tecnologia,1,260.56,260.56,Cliente-0380,True
2026-08-07,Teclado Mecanico RGB,Accesorios,2,122.18,244.36,Cliente-0564,False
2026-08-07,Tablet 10 pulgadas,Tecnologia,1,705.41,705.41,Cliente-0550,False
2026-08-08,Tablet 10 pulgadas,Tecnologia,2,734.0,1468.0,Cliente-0534,True
2026-08-08,Auriculares Pro,Accesorios,3,86.05,258.15,Cliente-0180,False
2026-08-08,Monitor 27 4K,Tecnologia,4,879.4,3517.6,Cliente-0077,False
2026-08-08,Teclado Mecanico RGB,Accesorios,2,119.35,238.7,Cliente-0401,True
2026-08-08,Teclado Mecanico RGB,Accesorios,2,123.37,246.74,Cliente-0580,False
2026-08-09,Teclado Mecanico RGB,Accesorios,4,117.54,470.16,Cliente-0201,True
2026-08-09,Mouse Inalambrico,Accesorios,4,62.8,251.2,Cliente-0503,False
2026-08-09,Disco SSD 1TB,Accesorios,3,154.42,463.26,Cliente-0081,False
2026-08-10,Monitor 27 4K,Tecnologia,3,906.97,2720.91,Cliente-0329,False
2026-08-10,Impresora LaserJet,Oficina,1,388.47,388.47,Cliente-0195,True
2026-08-10,Mouse Inalambrico,Accesorios,1,60.92,60.92,Cliente-0033,False
2026-08-10,Auriculares Pro,Accesorios,1,92.02,92.02,Cliente-0573,False
2026-08-10,Auriculares Pro,Accesorios,1,88.75,88.75,Cliente-0253,True
2026-08-10,Laptop Ultra X1,Tecnologia,4,3146.31,12585.24,Cliente-0390,False
2026-08-10,Router WiFi 6,Tecnologia,2,249.48,498.96,Cliente-0182,False
2026-08-10,Smartphone Galaxy Z,Tecnologia,3,2895.76,8687.28,Cliente-0055,True
2026-08-10,Teclado Mecanico RGB,Accesorios,1,115.63,115.63,Cliente-0422,False
2026-08-11,Monitor 27 4K,Tecnologia,2,899.94,1799.88,Cliente-0346,False
2026-08-12,Impresora LaserJet,Oficina,4,402.6,1610.4,Cliente-0232,True
2026-08-12,Teclado Mecanico RGB,Accesorios,2,117.88,235.76,Cliente-0300,True
2026-08-13,Camara Web HD,Accesorios,3,71.93,215.79,Cliente-0390,False
2026-08-14,Impresora LaserJet,Oficina,2,395.54,791.08,Cliente-0262,False
2026-08-14,Mouse Inalambrico,Accesorios,4,59.93,239.72,Cliente-0085,True
2026-08-15,Teclado Mecanico RGB,Accesorios,3,117.7,353.1,Cliente-0369,False
2026-08-15,Smartphone Galaxy Z,Tecnologia,3,2707.39,8122.17,Cliente-0560,False
2026-08-15,Disco SSD 1TB,Accesorios,1,154.78,154.78,Cliente-0419,False
2026-08-15,Disco SSD 1TB,Accesorios,2,147.67,295.34,Cliente-0026,True
2026-08-15,Disco SSD 1TB,Accesorios,4,147.72,590.88,Cliente-0100,True
2026-08-15,Mouse Inalambrico,Accesorios,4,58.91,235.64,Cliente-0308,False
2026-08-15,Teclado Mecanico RGB,Accesorios,4,114.05,456.2,Cliente-0220,True
2026-08-15,Monitor 27 4K,Tecnologia,1,894.52,894.52,Cliente-0121,False
2026-08-16,Smartphone Galaxy Z,Tecnologia,1,2806.7,2806.7,Cliente-0077,True
2026-08-16,Smartphone Galaxy Z,Tecnologia,2,2781.71,5563.42,Cliente-0432,True
2026-08-16,Smartphone Galaxy Z,Tecnologia,4,2917.75,11671.0,Cliente-0088,False
2026-08-17,Camara Web HD,Accesorios,4,67.19,268.76,Cliente-0481,True
2026-08-17,Auriculares Pro,Accesorios,1,86.31,86.31,Cliente-0568,False
2026-08-17,Smartphone Galaxy Z,Tecnologia,2,2752.68,5505.36,Cliente-0437,False
2026-08-18,Camara Web HD,Accesorios,4,67.8,271.2,Cliente-0600,False
2026-08-19,Auriculares Pro,Accesorios,4,90.39,361.56,Cliente-0369,False
2026-08-19,Silla Ergonomica,Oficina,4,575.67,2302.68,Cliente-0340,False
2026-08-19,Smartphone Galaxy Z,Tecnologia,3,2896.74,8690.22,Cliente-0177,True
2026-08-19,Laptop Ultra X1,Tecnologia,2,3133.47,6266.94,Cliente-0282,False
2026-08-19,Smartphone Galaxy Z,Tecnologia,3,2811.77,8435.31,Cliente-0043,True
2026-08-20,Disco SSD 1TB,Accesorios,4,157.03,628.12,Cliente-0335,False
2026-08-20,Smartphone Galaxy Z,Tecnologia,4,2778.45,11113.8,Cliente-0499,False
2026-08-21,Mouse Inalambrico,Accesorios,4,57.28,229.12,Cliente-0353,True
2026-08-21,Laptop Ultra X1,Tecnologia,2,3066.46,6132.92,Cliente-0445,False
2026-08-21,Disco SSD 1TB,Accesorios,1,155.92,155.92,Cliente-0044,True
2026-08-21,Smartphone Galaxy Z,Tecnologia,2,2920.38,5840.76,Cliente-0250,False
2026-08-21,Mouse Inalambrico,Accesorios,4,57.18,228.72,Cliente-0203,True
2026-08-21,Teclado Mecanico RGB,Accesorios,2,120.66,241.32,Cliente-0502,False
2026-08-21,Monitor 27 4K,Tecnologia,4,888.77,3555.08,Cliente-0078,False
2026-08-21,Disco SSD 1TB,Accesorios,1,148.54,148.54,Cliente-0285,False
2026-08-22,Teclado Mecanico RGB,Accesorios,1,124.48,124.48,Cliente-0193,False
2026-08-22,Auriculares Pro,Accesorios,1,90.29,90.29,Cliente-0422,False
2026-08-22,Camara Web HD,Accesorios,1,67.76,67.76,Cliente-0323,False
2026-08-22,Auriculares Pro,Accesorios,3,92.68,278.04,Cliente-0076,False
2026-08-22,Auriculares Pro,Accesorios,2,87.92,175.84,Cliente-0275,False
2026-08-22,Auriculares Pro,Accesorios,3,87.68,263.04,Cliente-0158,False
2026-08-22,Mouse Inalambrico,Accesorios,2,60.88,121.76,Cliente-0046,False
2026-08-22,Disco SSD 1TB,Accesorios,3,151.45,454.35,Cliente-0402,True
2026-08-22,Smartphone Galaxy Z,Tecnologia,1,2726.8,2726.8,Cliente-0120,True
2026-08-23,Auriculares Pro,Accesorios,2,88.2,176.4,Cliente-0189,False
2026-08-23,Auriculares Pro,Accesorios,4,86.17,344.68,Cliente-0491,True
2026-08-23,Camara Web HD,Accesorios,1,67.27,67.27,Cliente-0255,True
2026-08-23,Disco SSD 1TB,Accesorios,2,144.69,289.38,Cliente-0330,True
2026-08-23,Camara Web HD,Accesorios,3,69.68,209.04,Cliente-0500,True
2026-08-24,Auriculares Pro,Accesorios,3,86.46,259.38,Cliente-0006,False
2026-08-24,Mouse Inalambrico,Accesorios,2,59.75,119.5,Cliente-0139,False
2026-08-24,Disco SSD 1TB,Accesorios,4,150.75,603.0,Cliente-0116,False
2026-08-24,Disco SSD 1TB,Accesorios,2,146.97,293.94,Cliente-0034,True
2026-08-25,Teclado Mecanico RGB,Accesorios,2,124.19,248.38,Cliente-0308,True
2026-08-25,Disco SSD 1TB,Accesorios,2,148.06,296.12,Cliente-0424,True
2026-08-25,Mouse Inalambrico,Accesorios,2,62.94,125.88,Cliente-0105,False
2026-08-25,Disco SSD 1TB,Accesorios,2,154.66,309.32,Cliente-0360,True
2026-08-26,Mouse Inalambrico,Accesorios,2,59.88,119.76,Cliente-0341,False
2026-08-26,Silla Ergonomica,Oficina,1,550.04,550.04,Cliente-0355,True
2026-08-26,Disco SSD 1TB,Accesorios,4,147.52,590.08,Cliente-0140,True
2026-08-26,Monitor 27 4K,Tecnologia,2,927.49,1854.98,Cliente-0584,False
2026-08-27,Disco SSD 1TB,Accesorios,3,148.26,444.78,Cliente-0144,False
2026-08-27,Disco SSD 1TB,Accesorios,3,144.21,432.63,Cliente-0578,False
2026-08-27,Mouse Inalambrico,Accesorios,3,62.51,187.53,Cliente-0087,False
2026-08-27,Auriculares Pro,Accesorios,4,89.18,356.72,Cliente-0504,True
2026-08-27,Monitor 27 4K,Tecnologia,4,899.05,3596.2,Cliente-0592,True
2026-08-28,Mouse Inalambrico,Accesorios,4,62.49,249.96,Cliente-0576,True
2026-08-28,Auriculares Pro,Accesorios,1,89.86,89.86,Cliente-0200,True
2026-08-28,Mouse Inalambrico,Accesorios,4,58.0,232.0,Cliente-0143,False
2026-08-29,Silla Ergonomica,Oficina,2,553.96,1107.92,Cliente-0174,False
2026-08-30,Laptop Ultra X1,Tecnologia,2,3220.47,6440.94,Cliente-0581,False
2026-08-30,Laptop Ultra X1,Tecnologia,3,3317.46,9952.38,Cliente-0130,False
2026-08-31,Mouse Inalambrico,Accesorios,4,61.71,246.84,Cliente-0327,True
2026-08-31,Mouse Inalambrico,Accesorios,4,62.49,249.96,Cliente-0210,False
2026-08-31,Disco SSD 1TB,Accesorios,1,153.97,153.97,Cliente-0423,True
2026-08-31,Router WiFi 6,Tecnologia,3,256.53,769.59,Cliente-0105,False
2026-08-31,Auriculares Pro,Accesorios,3,88.12,264.36,Cliente-0503,False
2026-08-31,Teclado Mecanico RGB,Accesorios,2,117.91,235.82,Cliente-0288,True
2026-08-31,Disco SSD 1TB,Accesorios,1,142.66,142.66,Cliente-0265,False
2026-08-31,Auriculares Pro,Accesorios,4,91.17,364.68,Cliente-0191,False
2026-09-01,Disco SSD 1TB,Accesorios,1,153.46,153.46,Cliente-0470,True
2026-09-01,Laptop Ultra X1,Tecnologia,3,3301.47,9904.41,Cliente-0433,True
2026-09-01,Teclado Mecanico RGB,Accesorios,1,117.15,117.15,Cliente-0041,False
2026-09-01,Laptop Ultra X1,Tecnologia,1,3118.26,3118.26,Cliente-0484,False
2026-09-01,Auriculares Pro,Accesorios,3,90.57,271.71,Cliente-0312,False
2026-09-01,Monitor 27 4K,Tecnologia,3,912.23,2736.69,Cliente-0010,False
2026-09-01,Teclado Mecanico RGB,Accesorios,1,117.98,117.98,Cliente-0207,False
2026-09-02,Smartphone Galaxy Z,Tecnologia,4,2664.56,10658.24,Cliente-0162,False
2026-09-02,Auriculares Pro,Accesorios,3,92.03,276.09,Cliente-0240,False
2026-09-02,Impresora LaserJet,Oficina,1,415.08,415.08,Cliente-0290,False
2026-09-02,Auriculares Pro,Accesorios,2,87.63,175.26,Cliente-0268,False
2026-09-02,Smartphone Galaxy Z,Tecnologia,4,2890.07,11560.28,Cliente-0405,False
2026-09-02,Teclado Mecanico RGB,Accesorios,2,121.77,243.54,Cliente-0511,True
2026-09-02,Laptop Ultra X1,Tecnologia,2,3287.8,6575.6,Cliente-0539,False
2026-09-02,Smartphone Galaxy Z,Tecnologia,3,2917.89,8753.67,Cliente-0227,False
2026-09-03,Mouse Inalambrico,Accesorios,3,57.49,172.47,Cliente-0170,False
2026-09-03,Smartphone Galaxy Z,Tecnologia,2,2805.44,5610.88,Cliente-0456,False
2026-09-03,Teclado Mecanico RGB,Accesorios,1,121.32,121.32,Cliente-0169,True
2026-09-03,Smartphone Galaxy Z,Tecnologia,3,2891.39,8674.17,Cliente-0042,True
2026-09-03,Mouse Inalambrico,Accesorios,4,58.11,232.44,Cliente-0391,False
2026-09-04,Monitor 27 4K,Tecnologia,2,892.78,1785.56,Cliente-0062,True
2026-09-04,Laptop Ultra X1,Tecnologia,2,3324.14,6648.28,Cliente-0165,False
2026-09-05,Teclado Mecanico RGB,Accesorios,4,123.46,493.84,Cliente-0050,True
2026-09-05,Auriculares Pro,Accesorios,2,91.27,182.54,Cliente-0147,True
2026-09-05,Mouse Inalambrico,Accesorios,1,57.26,57.26,Cliente-0238,False
2026-09-05,Mouse Inalambrico,Accesorios,4,57.45,229.8,Cliente-0582,False
2026-09-05,Disco SSD 1TB,Accesorios,1,144.83,144.83,Cliente-0169,False
2026-09-05,Smartphone Galaxy Z,Tecnologia,4,2764.23,11056.92,Cliente-0087,False
2026-09-05,Laptop Ultra X1,Tecnologia,1,3176.83,3176.83,Cliente-0302,True
2026-09-05,Laptop Ultra X1,Tecnologia,1,3356.25,3356.25,Cliente-0446,False
2026-09-06,Camara Web HD,Accesorios,4,72.67,290.68,Cliente-0360,False
2026-09-06,Laptop Ultra X1,Tecnologia,3,3105.78,9317.34,Cliente-0195,False
2026-09-06,Impresora LaserJet,Oficina,2,418.89,837.78,Cliente-0198,False
2026-09-07,Teclado Mecanico RGB,Accesorios,2,122.97,245.94,Cliente-0303,False
2026-09-07,Disco SSD 1TB,Accesorios,3,144.72,434.16,Cliente-0255,False
2026-09-07,Camara Web HD,Accesorios,4,72.17,288.68,Cliente-0095,True
2026-09-07,Monitor 27 4K,Tecnologia,1,886.54,886.54,Cliente-0111,False
2026-09-07,Smartphone Galaxy Z,Tecnologia,3,2933.58,8800.74,Cliente-0485,False
2026-09-07,Silla Ergonomica,Oficina,2,568.38,1136.76,Cliente-0265,False
2026-09-08,Auriculares Pro,Accesorios,1,90.25,90.25,Cliente-0013,False
2026-09-08,Mouse Inalambrico,Accesorios,1,62.94,62.94,Cliente-0368,False
2026-09-08,Mouse Inalambrico,Accesorios,3,60.2,180.6,Cliente-0058,False
2026-09-08,Auriculares Pro,Accesorios,3,87.01,261.03,Cliente-0091,True
2026-09-08,Laptop Ultra X1,Tecnologia,4,3222.97,12891.88,Cliente-0503,False
2026-09-09,Router WiFi 6,Tecnologia,3,245.94,737.82,Cliente-0592,False
2026-09-09,Mouse Inalambrico,Accesorios,2,60.32,120.64,Cliente-0292,True
2026-09-09,Monitor 27 4K,Tecnologia,3,905.78,2717.34,Cliente-0155,False
2026-09-10,Mouse Inalambrico,Accesorios,2,57.72,115.44,Cliente-0141,False
2026-09-11,Laptop Ultra X1,Tecnologia,4,3311.68,13246.72,Cliente-0315,False
2026-09-11,Auriculares Pro,Accesorios,2,86.17,172.34,Cliente-0208,True
2026-09-12,Impresora LaserJet,Oficina,3,411.64,1234.92,Cliente-0254,False
2026-09-12,Camara Web HD,Accesorios,2,69.21,138.42,Cliente-0583,False
2026-09-12,Laptop Ultra X1,Tecnologia,2,3157.66,6315.32,Cliente-0262,False
2026-09-12,Auriculares Pro,Accesorios,2,87.11,174.22,Cliente-0037,False
2026-09-12,Auriculares Pro,Accesorios,1,91.59,91.59,Cliente-0267,True
2026-09-12,Camara Web HD,Accesorios,2,67.73,135.46,Cliente-0326,True
2026-09-12,Smartphone Galaxy Z,Tecnologia,1,2733.72,2733.72,Cliente-0477,True
2026-09-13,Monitor 27 4K,Tecnologia,4,929.24,3716.96,Cliente-0507,False
2026-09-13,Smartphone Galaxy Z,Tecnologia,2,2839.94,5679.88,Cliente-0539,False
2026-09-13,Router WiFi 6,Tecnologia,3,240.68,722.04,Cliente-0002,False
2026-09-14,Mouse Inalambrico,Accesorios,1,57.01,57.01,Cliente-0489,True
2026-09-14,Auriculares Pro,Accesorios,2,92.36,184.72,Cliente-0075,False
2026-09-14,Camara Web HD,Accesorios,3,68.4,205.2,Cliente-0080,True
2026-09-14,Camara Web HD,Accesorios,4,66.93,267.72,Cliente-0287,False
2026-09-14,Mouse Inalambrico,Accesorios,3,60.96,182.88,Cliente-0305,False
2026-09-15,Auriculares Pro,Accesorios,4,87.32,349.28,Cliente-0136,False
2026-09-15,Auriculares Pro,Accesorios,2,91.15,182.3,Cliente-0156,False
2026-09-15,Silla Ergonomica,Oficina,1,554.44,554.44,Cliente-0518,True
2026-09-15,Auriculares Pro,Accesorios,4,86.59,346.36,Cliente-0367,True
2026-09-16,Laptop Ultra X1,Tecnologia,4,3095.3,12381.2,Cliente-0220,False
2026-09-16,Teclado Mecanico RGB,Accesorios,4,118.13,472.52,Cliente-0580,False
2026-09-16,Laptop Ultra X1,Tecnologia,1,3114.44,3114.44,Cliente-0225,True
2026-09-16,Tablet 10 pulgadas,Tecnologia,4,728.19,2912.76,Cliente-0036,True
2026-09-17,Camara Web HD,Accesorios,2,70.25,140.5,Cliente-0401,False
2026-09-17,Disco SSD 1TB,Accesorios,3,145.0,435.0,Cliente-0130,False
2026-09-17,Laptop Ultra X1,Tecnologia,1,3198.77,3198.77,Cliente-0524,False
2026-09-17,Router WiFi 6,Tecnologia,3,242.0,726.0,Cliente-0327,False
2026-09-17,Auriculares Pro,Accesorios,2,94.27,188.54,Cliente-0103,True
2026-09-17,Teclado Mecanico RGB,Accesorios,2,115.44,230.88,Cliente-0460,True
2026-09-18,Teclado Mecanico RGB,Accesorios,3,115.0,345.0,Cliente-0081,False
2026-09-18,Disco SSD 1TB,Accesorios,4,145.87,583.48,Cliente-0255,False
2026-09-18,Mouse Inalambrico,Accesorios,2,57.57,115.14,Cliente-0105,False
2026-09-18,Auriculares Pro,Accesorios,4,92.6,370.4,Cliente-0592,False
2026-09-19,Mouse Inalambrico,Accesorios,1,58.86,58.86,Cliente-0448,True
2026-09-19,Auriculares Pro,Accesorios,1,87.11,87.11,Cliente-0529,False
2026-09-19,Teclado Mecanico RGB,Accesorios,1,114.26,114.26,Cliente-0067,False
2026-09-19,Smartphone Galaxy Z,Tecnologia,3,2750.33,8250.99,Cliente-0162,False
2026-09-20,Monitor 27 4K,Tecnologia,3,860.27,2580.81,Cliente-0484,False
2026-09-21,Mouse Inalambrico,Accesorios,3,62.1,186.3,Cliente-0548,True
2026-09-21,Laptop Ultra X1,Tecnologia,2,3198.36,6396.72,Cliente-0116,False
2026-09-21,Teclado Mecanico RGB,Accesorios,4,115.69,462.76,Cliente-0080,False
2026-09-21,Mouse Inalambrico,Accesorios,2,57.98,115.96,Cliente-0076,False
2026-09-23,Smartphone Galaxy Z,Tecnologia,1,2724.11,2724.11,Cliente-0092,True
2026-09-23,Laptop Ultra X1,Tecnologia,4,3344.97,13379.88,Cliente-0536,True
2026-09-23,Mouse Inalambrico,Accesorios,2,60.38,120.76,Cliente-0193,False
2026-09-23,Impresora LaserJet,Oficina,3,388.93,1166.79,Cliente-0180,False
2026-09-23,Impresora LaserJet,Oficina,4,414.03,1656.12,Cliente-0582,False
2026-09-23,Laptop Ultra X1,Tecnologia,2,3234.34,6468.68,Cliente-0445,False
2026-09-24,Disco SSD 1TB,Accesorios,1,147.2,147.2,Cliente-0307,False
2026-09-24,Impresora LaserJet,Oficina,2,382.32,764.64,Cliente-0089,False
2026-09-24,Disco SSD 1TB,Accesorios,3,153.49,460.47,Cliente-0121,False
2026-09-24,Mouse Inalambrico,Accesorios,4,59.21,236.84,Cliente-0506,False
2026-09-24,Impresora LaserJet,Oficina,4,405.97,1623.88,Cliente-0179,False
2026-09-24,Laptop Ultra X1,Tecnologia,4,3180.23,12720.92,Cliente-0430,True
2026-09-24,Laptop Ultra X1,Tecnologia,1,3148.14,3148.14,Cliente-0495,False
2026-09-25,Camara Web HD,Accesorios,1,72.44,72.44,Cliente-0309,False
2026-09-25,Auriculares Pro,Accesorios,4,86.24,344.96,Cliente-0550,False
2026-09-25,Camara Web HD,Accesorios,3,72.15,216.45,Cliente-0279,True
2026-09-25,Smartphone Galaxy Z,Tecnologia,1,2723.95,2723.95,Cliente-0522,False
2026-09-25,Disco SSD 1TB,Accesorios,3,143.8,431.4,Cliente-0468,False
2026-09-25,Disco SSD 1TB,Accesorios,2,144.76,289.52,Cliente-0420,False
2026-09-25,Monitor 27 4K,Tecnologia,3,896.7,2690.1,Cliente-0123,True
2026-09-25,Silla Ergonomica,Oficina,2,554.16,1108.32,Cliente-0398,True
2026-09-25,Mouse Inalambrico,Accesorios,1,57.51,57.51,Cliente-0353,False
2026-09-26,Disco SSD 1TB,Accesorios,1,142.68,142.68,Cliente-0228,True
2026-09-26,Mouse Inalambrico,Accesorios,3,62.48,187.44,Cliente-0029,True
2026-09-26,Smartphone Galaxy Z,Tecnologia,2,2917.26,5834.52,Cliente-0332,True
2026-09-26,Disco SSD 1TB,Accesorios,3,142.8,428.4,Cliente-0268,False
2026-09-26,Teclado Mecanico RGB,Accesorios,2,120.64,241.28,Cliente-0397,True
2026-09-27,Silla Ergonomica,Oficina,1,574.87,574.87,Cliente-0464,True
2026-09-27,Silla Ergonomica,Oficina,4,552.32,2209.28,Cliente-0180,False
2026-09-27,Mouse Inalambrico,Accesorios,3,59.68,179.04,Cliente-0272,False
2026-09-27,Mouse Inalambrico,Accesorios,4,58.2,232.8,Cliente-0027,False
2026-09-27,Teclado Mecanico RGB,Accesorios,4,120.87,483.48,Cliente-0242,False
2026-09-28,Router WiFi 6,Tecnologia,4,255.02,1020.08,Cliente-0335,False
2026-09-28,Auriculares Pro,Accesorios,1,88.86,88.86,Cliente-0406,False
2026-09-28,Smartphone Galaxy Z,Tecnologia,4,2791.86,11167.44,Cliente-0272,False
2026-09-29,Mouse Inalambrico,Accesorios,2,62.25,124.5,Cliente-0281,True
2026-09-29,Smartphone Galaxy Z,Tecnologia,1,2825.08,2825.08,Cliente-0394,True
2026-09-29,Disco SSD 1TB,Accesorios,4,153.01,612.04,Cliente-0382,True
2026-09-29,Disco SSD 1TB,Accesorios,3,144.34,433.02,Cliente-0473,True
2026-09-30,Auriculares Pro,Accesorios,4,93.24,372.96,Cliente-0089,False
2026-09-30,Laptop Ultra X1,Tecnologia,4,3202.12,12808.48,Cliente-0514,True
2026-09-30,Auriculares Pro,Accesorios,4,91.01,364.04,Cliente-0057,False
2026-09-30,Smartphone Galaxy Z,Tecnologia,3,2784.88,8354.64,Cliente-0153,False
